title,time,place
4th International conference on Diabetic compilications,2019-11-25,"Osaka, Japan"
"9th International Conference on Probiotics, Functional Foods & Nutraceuticals",2019-11-25,"Osaka, Japan"
"3rd International conference on Diabetes, Hypertension & Metabolic Syndrome",2019-11-25,"Tokyo, Japan"
16th Global Summit on Hematology and Infectious Diseases,2019-11-25,"London, UK"
5th Global Pediatric Ophthalmology Congress,2019-11-25,"Rome, Italy"
41st European Forum on Dental Practice & Oral Health,2019-11-25,"Rome, Italy"
5th International Conference on Pediatrics and Pediatric Surgery,2019-11-25,"Rome, Italy"
26th International Conference on Cardiovascular and Thoracic Surgery,2019-11-25,"Hong Kong, China"
4th World Congress on Pediatric Neurology & Pediatric Surgery,2019-11-25,"Sydney, Australia"
4th International Conference on Ear Nose and Throat,2019-11-25,"Sydney, Australia"
"2nd International Conference on Womens Health, Reproduction and Fertility",2019-11-25,"Dubai, UAE"
33rd International Conference on Vaccines and Immunization,2019-11-25,"London, UK"
13th International Conference on Childhood Obesity and Nutrition,2019-11-25,"London, UK"
11th Annual Congress on Pulmonology & Respiratory Medicine,2019-11-25,"Amsterdam, Netherlands"
2nd International Conference on Gastroenterology and Liver,2019-11-25,"Amsterdam, Netherlands"
38th International Conference on Dental & Oral Care,2019-11-25,"Yokohama, Japan"
39th Asia Pacific Dental and Oral Health Congress,2019-11-25,"Yokohama, Japan"
2nd Annual Congress on Medicine,2019-11-25,"Yokohama, Japan"
29th International Conference on Cardiology and Cardiovascular Diseases,2019-11-25,"Osaka, Japan"
"25th International Conference on Diabetes, Endocrinology and Healthcare",2019-11-25,"Osaka, Japan"
16th  International Conference on Surgical Pathology & Cancer Diagnosis,2019-11-25,"London, UK"
World Dermatology Congress,2019-11-25,"Tokyo, Japan"
33rd International Conference on Dental Science & Advanced Dentistry,2019-11-25,"Madrid, Spain"
5th International Conference on Prosthodontics & Orthodontics,2019-11-25,"Madrid, Spain"
41st World Dental Science and Oral Health Congress,2019-11-25,"Singapore, Singapore"
29th World Diabetes & Heart Congress,2019-11-25,"Tokyo, Japan"
4th International Conference On Hypertension and Cardiac Health,2019-11-25,"Tokyo, Japan"
Annual meeting on Cardiology and Heart Failure,2019-11-25,"Kuala Lumpur, Malaysia"
International congress on Reproductive Health and Medicine,2019-11-25,"Kyoto, Japan"
International Conference on Polycystic Ovarian Syndrome & Infertility,2019-11-25,"Kyoto, Japan"
"International conference on Reproductive Health, Infertility and IVF",2019-11-25,"Kyoto, Japan"
22nd World Dermatology and Aesthetic Congress,2019-11-25,"Abu Dhabi, UAE"
33rd World Congress on Cardiology & Heart Diseases,2019-11-25,"Prague, Czech Republic"
2nd International Conference on Digital Health,2019-11-25,"Barcelona, Spain"
21st Annual World Congress on Pediatrics,2019-11-25,"Barcelona, Spain"
"5th Annual World Congress on Pediatric Nutrition, Gastroenterology and Child Development",2019-11-25,"Barcelona, Spain"
15th Annual Congress on Gastroenterology & Hepatology,2019-11-25,"Hong Kong, China"
International Conference on Diabetes & Heart Diseases,2019-11-25,"Hong Kong, China"
7th International Conference on Hepatology,2019-11-25,"Osaka, Japan"
11th International Congress on Surgery,2019-11-25,"Kyoto, Japan"
26th Global Dentists and Pediatric Dentistry Annual Meeting,2019-11-25,"London, UK"
"2nd International Meeting on Dermatology, Pathology, and Cosmetology",2019-11-25,"Paris, France"
3rd International Conference on Cardiovascular Diseases and Therapeutics,2019-11-25,"Paris, France"
26th World Cardiology Conference,2019-11-25,"Bangkok, Thailand"
12th world Congress on Precision and Personalized Medicine,2019-11-25,"Bangkok, Thailand"
16th World Congress on Gastroenterology & Therapeutics,2019-11-25,"Osaka, Japan"
22nd Annual Congress on Neonatology & Pediatrics,2019-11-25,"Osaka, Japan"
"21st World Congress on
Obesity and Metabolic Diseases",2019-11-25,"Manila, Philippines"
2nd World Cardiology Experts Meeting,2019-11-25,"Sydney, Australia"
20th Global Ophthalmologists Annual meeting,2019-11-25,"London, UK"
15th International Conference on Ophthalmology and Vision Science,2019-11-25,"London, United Kingdom"
"18th International Conference on Nephrology, Urology and Therapeutics",2019-11-25,"London, UK"
World congress on Endocrinology and Metabolic syndrome,2019-11-25,"Auckland, New Zealand"
World Congress on Ophthalmology & Optometry,2019-11-25,"London, UK"
"Global summit on Maternal, Infant and Child Health",2019-11-25,"Tokyo, Japan"
15th International Conference on Dermatology and Cosmetic Medicine,2019-11-25,"London, UK"
6th International Conference on Anaesthesia,2019-11-25,"London, UK"
14th European Diabetes and Endocrinology Congress,2019-11-25,"London, UK"
32nd Annual Cardiologists Conference,2019-11-25,"London, UK"
28th International Conference on Clinical Pediatrics,2019-11-25,"London, UK"
"2nd International Conference on Pediatrics, Neonatology and Healthcare",2019-11-25,"Amsterdam, Netherlands"
2nd European Cardiology Congress,2019-11-25,"Florence, Italy"
"29th International Conference on Pediatrics, Neonatology and Pediatric Nursing",2019-11-25,"Kyoto, Japan"
5th Global Summit on Heart Diseases,2019-11-25,"Kyoto, Japan"
2nd International Conference on Maternal Fetal and Neonatal Medicine,2019-11-25,"Kuala Lumpur, Malaysia"
7th Asian Herbal and Traditional Medicine Summit,2019-11-25,"Tokyo, Japan"
22nd World Congress on Toxicology and Pharmacology,2019-11-25,"Kyoto, Japan"
19th World Congress on Clinical Pediatrics,2019-11-25,"Prague, Czech Republic"
25th International Conference on Dermatology & Skin Care,2019-11-25,"Amsterdam, Netherlands"
16th World Nephrology Conference,2019-11-25,"Singapore, Singapore"
13th Asia Pacific Pediatrics Congress,2019-11-25,"Singapore, Singapore"
20th European Dermatology Congress,2019-11-25,"Prague, Czech Republic"
24th World Nutrition and Pediatrics Healthcare Conference,2019-11-25,"Dubai, United Arab Emirates"
"Annual Congress on Endocrinology, Diabetes and Healthcare",2019-11-25,"Bangkok, Thailand"
24th Annual World Dental Summit,2019-11-25,"Zagreb, Croatia"
"Annual Modern Dentistry, Dental Practice and Research Congress",2019-11-25,"Toronto, Canada"
22nd World Congress on Pediatric Oncology and Nursing,2019-11-25,"Toronto, Canada"
International Conference on Dental Public Health and Dental Diseases,2019-11-25,"Toronto, Canada"
4th International Conference on Tumor & Cancer Immunology and Pediatric-oncology 2020,2019-11-25,"Toronto, Canada"
22nd World Congress on Pediatric Cardiology & Heart Failure,2019-11-25,"Perth, Australia"
World congress on Neonatology and peadiatric medicine,2019-11-25,"Yokohama, Japan"
2nd International Meeting on Aesthetic Medicine,2019-11-25,"Perth, Australia"
8th World Heart Congress,2019-11-25,"Munich, Germany"
6th World Heart Congress,2019-11-25,"Tokyo, Japan"
24th Annual Congress on Pediatrics & Neonatology,2019-11-25,"Bangkok, Thailand"
6th International Conference on Clinical Cardiology & Congenital Heart Diseases,2019-11-25,"Yokohama, Japan"
"13th World Congress on Pediatrics, Neonatology and Pediatric Surgery",2019-11-25,"Zagreb, Croatia"
29th World Congress on Neonatology and Perinatology,2019-11-25,"Kyoto, Japan"
13th World Congress on Anesthesiology and Critical Care,2019-11-25,"Tokyo, Japan"
29th World Congress on Clinical Pediatrics and Perinatology,2019-11-25,"Tokyo, Japan"
Global Pediatrics Summit 2020,2019-11-25,"Tokyo, Japan"
4th International Conference on Eye and Vision,2019-11-25,"Amsterdam, Netherlands"
13th international Conference on Personalized Medicine and Novel Therapies,2019-11-25,"Berlin, Germany"
26th World Congress on Dentistry and Oral Health,2019-11-25,"Berlin, Germany"
12th International Conference on Surgery and Anesthesia,2019-11-25,"Tokyo, Japan"
Global summit on Cosmetic & Reconstructive Surgery,2019-11-25,"Tokyo, Japan"
2nd World Congress on Advancements in Tuberculosis and Lung Diseases,2019-11-25,"Tokyo, Japan"
25th World Congress & Expo on Dermatology,2019-11-25,"Osaka, Japan"
3rd World Congress on Environmental Toxicology and Health Safety,2019-11-25,"Barcelona, Spain"
European Conference on Surgery & Cosmetology,2019-11-25,"Barcelona, Spain"
10th International Conference on COPD and Lungs,2019-11-25,"Kyoto, Japan"
5th International Conference & Expo on Euro Optometry and Vision Science,2019-11-25,"Rome, Italy"
"23rd Global Summit on Pediatrics, Neonatology and Primary Care",2019-11-25,"Istanbul, Turkey"
13th International Conference on Anesthesiology and Critical Care,2019-11-25,"Istanbul, Turkey"
16th International Conference on Digestive Disorders and Gastroenterology,2019-11-25,"Bangkok, Thailand"
24th World Congress on Neonatology & perinatology,2019-11-25,"Bangkok, Thailand"
38th Euro Global Summit and Expo on Vaccines & Vaccination,2019-11-25,"Frankfurt, Germany"
10th World Congress on Frontiers in Plastic Surgery,2019-11-25,"Singapore, Singapore"
"4th International Conference on Pediatrics, Neonatology and Pediatric Nursing",2019-11-25,"Abu Dhabi, UAE"
world Summit on Interventional therapies for Diabetes and Multidisciplinary Medicine,2019-11-25,"Bangkok, Thailand"
5th International Conference on Anesthesia,2019-11-25,"Frankfurt, Germany"
21st Global Nephrologists Annual Meeting,2019-11-25,"Frankfurt, Germany"
26th Asia Pacific Neonatology and Pediatric Congress,2019-11-25,"Singapore, Singapore"
7th Asia Pacific Gynecology and Obstetrics Congress,2019-11-25,"Singapore, Singapore"
29th European Diabetes Congress,2019-11-25,"Barcelona, Spain"
35th International Conference on Dental and Oral Health,2019-11-25,"Dubai, UAE"
29th International Conference on Insights in Ophthalmology,2019-11-25,"London, UK"
17th International Conference on Pediatrics and Pediatric Cardiology,2019-11-25,"Paris, France"
31st European Heart Diseases and Heart Failure Congress,2019-11-25,"Paris, France"
2nd International Conference on Gynecology and Obstetrics,2019-11-25,"Geneva, Switzerland"
"8th World Congress on Hypertension, Primary Care and Public Health",2019-11-25,"Geneva, Switzerland"
16th World Conference on Cosmetic Dermatology and Aesthethic Medicine,2019-11-25,"Paris, France"
"World Conference on Gynecology, Obstetrics and Women Health",2019-11-25,"Prague, Czech Republic"
"30th International Conference on Pediatrics, Neonatology and Pediatric Nursing",2019-11-25,"Prague, Czech Republic"
World Congress on Pediatric Neurology and Neuropathology,2019-11-25,"Prague, Czech Republic"
"2nd Aging, Health, Wellness Conference: For a better Aging Care",2019-11-25,"Abu Dhabi, UAE"
5th World Kidney Congress,2019-11-25,"Abu Dhabi, UAE"
"3rd Middle East Obesity, Bariatric Surgery and Endocrinology Congress",2019-11-25,"Abu Dhabi, UAE"
3rd International Conference on Advances in Neonatal and Pediatric Nutrition,2019-11-25,"Zurich, Switzerland"
2nd Middle East Heart Congress,2019-11-25,"Abu Dhabi, UAE"
"26th International Conference on Human Metabolic Health: Diabetes, Obesity, and Metabolism",2019-11-25,"Abu Dhabi, UAE"
16th International Conference on Nephrology and Hypertension,2019-11-25,"Abu Dhabi, UAE"
27th International Conference & Exhibition on Cardiology and Cardiovascular Medicine,2019-11-25,"Osaka, Japan"
"3rd International Conference on Vaccines, Immunology and Clinical Trials",2019-11-25,"Amsterdam, Netherlands"
5th International Conference on Dental and Clinical Dentistry,2019-11-25,"Rome, Italy"
15th Euro-Global Gastroenterology Conference,2019-11-25,"Rome, Italy"
3rd International Conference on Aesthetic Medicine and Cosmetology,2019-11-25,"Bali, Indonesia"
World Congress on Pediatric and Neonatal Nursing,2019-11-25,"Bali, Indonesia"
2nd Asian Cardiology Congress,2019-11-25,"Osaka, Japan"
3rd World Congress on Surgeons,2019-11-25,"Abu Dhabi, UAE"
3rd Annual Conference on Oral Care and and Dentistry,2019-11-25,"Abu Dhabi, UAE"
2nd World Cardiology and Cardiac Rehabilitation Meeting,2019-11-25,"Athens, Greece"
"Annual Congress on Diabetes, Metabolism and Obesity",2019-11-25,"Sydney, Australia"
"2nd International Conference on women's Health, Gynecology & Obstetrics",2019-11-25,"Sydney, Australia"
5th Annual Meet on Obesity and Diet,2019-11-25,"Vienna, Austria"
"18th Global Conference on Diabetes, Endocrinology and Primary Healthcare",2019-11-25,"Geneva, Switzerland"
International Conference on Eye Surgery,2019-11-25,"Helsinki, Finland"
International Conference on Hepatitis & Liver diseases,2019-11-25,"Sydney, Australia"
4th International Conference & Expo on Aesthetic Medicine and Dermatology,2019-11-25,"Shanghai, China"
32nd International Conference on Pediatric Nursing,2019-11-25,"Sydney, Australia"
9th International Conference on Cosmetology & Beauty,2019-11-25,"London, UK"
2nd International Conference on Dermatology and Allergic Diseases,2019-11-25,"Helsinki, Finland"
23rd International Conference on New Horizons in Cardiology & Cardiologists Education,2019-11-25,"London, UK"
3rd Global Diabetes Summit,2019-11-25,"Kuala Lumpur, Malaysia"
"9th International Conference on Sports Medicine, Physical Rehabilitation & Physiotherapy",2019-11-25,"London, UK"
28th International Diabetes and Healthcare Conference,2019-11-25,"Helsinki, Finland"
3rd International Conference on Obesity and Chronic Diseases,2019-11-25,"Helsinki, Finland"
22nd Euro-Global Summit on Toxicology and Applied Pharmacology,2019-11-25,"Vienna, Austria"
World Summit on Hematology and Cell Therapy,2019-11-25,"Osaka, Japan"
7th International Conference on Medical and Nursing Education,2019-11-25,"Vienna, Austria"
"13th International Conference on Orthopedics, Arthroplasty and Rheumatology",2019-11-25,"Vienna, Austria"
16th Euro Obesity and Endocrinology Congress,2019-11-25,"Barcelona, Spain"
International Conference on Digestive and Gastroenterology Health Conditions,2019-11-25,"Barcelona, Spain"
20th World Gastroenterologists Summit,2019-11-25,"Osaka, Japan"
25th International Conference on Dental Education,2019-11-25,"Florence, Italy"
"9th Annual Congress on Primary Healthcare, Nursing & Neonatal Screening",2019-11-25,"Vancouver, Canada"
Annual Summit on Cardiology and Heart Diseases,2019-11-25,"Montreal, Canada"
29th International Conference on Clinical and Experimental Cardiology,2019-11-25,"Montreal, Canada"
19th Annual World Congress on Neonatology,2019-11-25,"Vancouver, Canada"
2nd International Conference on Pediatric Pharmacology and Therapeutics,2019-11-25,"Vancouver, Canada"
"International Conference on Pediatrics, Child Health and Emergency Care",2019-11-25,"Florence, Italy"
41st Asia Pacific Dental and Oral Care Congress,2019-11-25,"Osaka, Japan"
32nd European Pediatrics Congress,2019-11-25,"Florence, Italy"
6th Annual Congress on Traditional & Alternative Medicine,2019-11-25,"Rome, Italy"
Annual Cardiologists Congress,2019-11-25,"Rome, Italy"
31st American Dentistry Congress,2019-11-25,"Vancouver, Canada"
2nd International Conference on Dental Research and Dental Treatments,2019-11-25,"Vancouver, Canada"
29th International Conference on Pediatrics Health,2019-11-25,"Zurich, Switzerland"
World Congress on Heart Diseases,2019-11-25,"Madrid, Spain"
8th World Heart Congress,2019-11-25,"Zurich, Switzerland"
International Conference on Ophthalmology,2019-11-25,"Osaka, Japan"
5th International Anesthesia and Pain Medicine Conference,2019-11-25,"Dubai, UAE"
7th Annual Congress on Dentistry and Dental Medicine,2019-11-25,"Dubai, UAE"
International Conference on Surgery and Anesthesia,2019-11-25,"London, UK"
8th International Conference on Hypertension and Healthcare,2019-11-25,"Dubai, United Arab Emirates"
30h International Conference on Cardiology and Healthcare,2019-11-25,"Dubai, UAE"
3rd World Cosmetic and Dermatology Congress,2019-11-25,"Dubai, UAE"
3rd International Dermatology Conference: Skin and Body,2019-11-25,"Dubai, UAE"
2nd International Summit on Pediatrics and Cancer Science,2019-11-25,"Frankfurt, Germany"
15th World Congress on Endocrinology & Diabetes,2019-11-25,"Copenhagen, Denmark"
"5th Global Meeting on Plastic, Aesthetic and Reconstructive Surgery",2019-11-25,"London, UK"
International Conference on ENT Surgery,2019-11-25,"London, UK"
22nd World Congress on Advances in Gastroenterology and Urology,2019-11-25,"Tokyo, Japan"
Global Clinical Trials Summit,2019-11-25,"Paris, France"
5th Annual congress on Pediatric Neurology and Pediatric Surgery,2019-11-25,"Dublin, Ireland"
20th World Conference on Environmental Toxicology and Pharmacology,2019-11-25,"Tokyo, Japan"
"World Congress on Midwifery, Maternal Health and Gynecology",2019-11-25,"Tokyo, Japan"
World Congress on Heart and Pediatric Cardiology,2019-11-25,"Tokyo, Japan"
34th International Conference on Neonatology and Perinatology,2019-11-25,"Paris, France"
33rd World Pediatrics Conference,2019-11-25,"Paris, France"
27th Euro Congress and Expo on Dental & Oral Health,2019-11-25,"Paris, France"
4th International Conference on Craniofacial Surgery,2019-11-25,"Barcelona, Spain"
Annual Summit on Diabetes and Endocrinology,2019-11-25,"Barcelona, Spain"
Worldwide Forum on Otolaryngology and ENT Surgery,2019-11-25,"Barcelona, Spain"
5th World Congress on Ophthalmology and Vision Science,2019-11-25,"Dublin, Ireland"
4th Global Summit on Surgery and Anaesthesia,2019-11-25,"Dublin, Ireland"
2nd World Pediatrics Conference,2019-11-25,"Prague, Czech Republic"
5th European Otolaryngology-ENT Surgery Conference,2019-11-25,"Barcelona, Spain"
Global summit on Diabetes and Endocrinology,2019-11-25,"Kyoto, Japan"
2nd International Conference on Biomedical and Clinical Research,2019-11-25,"Dublin, Ireland"
6th World Congress on Cardiology and Cardiovascular Therapeutics,2019-11-25,"Kyoto, Japan"
Annual meet on Orthopedics and Surgery,2019-11-25,"Singapore, Singapore"
3rd International Conference on Dental Medicine and Surgery,2019-11-25,"Singapore, Singapore"
3rd World Summit on Pediatric and Neonatal Nursing,2019-11-25,"Dublin, Ireland"
4th World congress on Diabetes and Endocrine Disorders,2019-11-25,"Prague, Czech Republic"
4th International Conference on Gastroenterology and Liver Diseases,2019-11-25,"Hong Kong, Hong Kong"
30th International Congress on Vision Science and Eye,2019-11-25,"Barcelona, Spain"
International Conference and Expo on Heart Ailments,2019-11-25,"Sydney, Australia"
"World Neonatology, Pediatrics and Developmental Medicine Conference",2019-11-25,"Prague, Czech Republic"
22nd World Nephrologists Summit,2019-11-25,"Tokyo, Japan"
International Conference on Gynocology,2019-11-25,"Valencia, Spain"
"8th World Congress on Plastic, Aesthetic and Reconstructive Surgery",2019-11-25,"Barcelona, Spain"
2nd World Congress on Pain Medicine and Management,2019-11-25,"Tokyo, Japan"
13th World Pediatric Congress,2019-11-25,"Tokyo, Japan"
17th Asia Pacific Nephrology Conference,2019-11-25,"Osaka, Japan"
Global Meet on Neonatal and Perinatal Nursing,2019-11-25,"Osaka, Japan"
11th International Conference on Clinical and Medical Case Reports,2019-11-25,"Vienna, Austria"
5th International Conference on Vaccines and Immunology,2019-11-25,"New Delhi, India"
"15th Annual Conference on Nephrology, Renal Medicine & Renal Care",2019-11-25,"Tokyo, Japan"
41st Annual Congress on Oral Care & Dentistry,2019-11-25,"Tokyo, Japan"
7th Annual Meet on Cardiology and Heart diseases,2019-11-25,"Barcelona, Spain"
Asia Pacific conference on Dermatology and Cosmetology,2019-11-25,"Kuala Lumpur, Malaysia"
5th World Congress on Nephrology and Renal Care,2019-11-25,"Barcelona, Spain"
5th World Congress on Cardiology and Cardio care,2019-11-25,"Barcelona, Spain"
International Conference on Cardiac Imaging and Diagnotics,2019-11-25,"Dubai, United Arab Emirates"
2nd Annual Conference on Vascular Medicine,2019-11-25,"Dubai, United Arab Emirates"
"Global Meet on Aging, Disease and Care",2019-11-25,"Barcelona, Spain"
"14th International Conference on Orthopedics, Arthroplasty and Rheumatology",2019-11-25,"Rome, Italy"
World Digestive Diseases Conference,2019-11-25,"Abu Dhabi, UAE"
International Conference on Pharmaceutical and Biomedical Engineering,2019-11-25,"Barcelona, Spain"
"30th International Conference on Pediatrics, Neonatology and Pediatric Nursing",2019-11-25,"Berlin, Germany"
Asian Global Summit on Heart and Emergency Medicine,2019-11-25,"Kyoto, Japan"
4th International conference on Head and Neck Surgery,2019-11-25,"Rome, Italy"
International Conference on Heart Surgery,2019-11-25,"Edinburgh, Scotland"
International Conference on Oral Health & Dentistry,2019-11-25,"Barcelona, Spain"
5th International Conference on Sexual & Reproductive Health and Family Planning,2019-11-25,"Barcelona, Spain"
2nd Asia Pacific Endocrinology Congress,2019-11-25,"Singapore, Singapore"
3rd International Conference on Optometry,2019-11-25,"Dubai, United Arab Emirates"
International Conference on Dialysis,2019-11-25,"Dubai, United Arab Emirates"
5th International Conference on Cardiovascular Medicine and Cardiac Surgery,2019-11-25,"Berlin, Germany"
30th International Conference on Pediatrics & Primary Care,2019-11-25,"Rome, Italy"
31st International Congress on Prevention of Diabetes and Complications,2019-11-25,"Rome, Italy"
20th International Conference on Gastroenterology and Hepatology,2019-11-25,"Abu Dhabi, UAE"
19th International Conference on Gastroenterology and Digestive Disorders,2019-11-25,"Abu Dhabi, UAE"
International Conference on Natural Medicines and Pharmaceutical Research,2019-11-25,"Paris, France"
International Conference on Lung Diseases and Care,2019-11-25,"Paris, France"
International Conference on Orthodontics,2019-11-25,"Dubai, United Arab Emirates"
International Conference on Dental Medicine,2019-11-25,"Dubai, United Arab Emirates"
International Conference on Glaucoma,2019-11-25,"Dubai, United Arab Emirates"
International Conference on Complementary & Alternative Medicine,2019-11-25,"Montreal, Canada"
38th International Conference on Dentistry & Dental Marketing,2019-11-25,"Vancouver, Canada"
29th American Dental Congress,2019-11-25,"Vancouver, Canada"
International Conference on Orthopedics and Sports Medicine,2019-11-25,"Abu Dhabi, UAE"
"3rd Annual Congress on Diabetes, Obesity and Its Complications",2019-11-25,"Singapore, Singapore"
3rd World Liver Congress,2019-11-25,"Abu Dhabi, UAE"
14th World Congress on Hematology and Blood Disorder,2019-11-25,"Singapore, Singapore"
World Congress on Infectious Diseases and Rare Diseases,2019-11-25,"Osaka, Japan"
27th International Conference & Exhibition on Cardiovascular and Thoracic Surgery,2019-11-25,"Beijing, China"
"4th Annual Conference on Orthopedics, Rheumatology and Osteoporosis",2019-11-25,"Prague, Czech Republic"
12th International Chronic Obstructive Pulmonary Disease Conference,2019-11-25,"Barcelona, Spain"
31st European Pediatrics Conference,2019-11-25,"Barcelona, Spain"
World Summit on Blood Glucose Monitoring,2019-11-25,"Beijing, China"
2nd International Dermatologists Annual Meeting,2019-11-25,"Auckland, New Zealand"
6th European Otolaryngology-ENT Surgery Conference,2019-11-25,"Vienna, Austria"
25th International Conference on Dentistry and Dental Materials,2019-11-25,"Vienna, Austria"
26th Asia-Pacific Dermatology Conference,2019-11-25,"Auckland, New Zealand"
World Conference on Clinical Pediatrics,2019-11-25,"London, UK"
International Conference on Neonatology,2019-11-25,"London, UK"
International Conference on Pediatric and Nutritional Research,2019-11-25,"London, UK"
World Pediatric Conference,2019-11-25,"London, UK"
3rd World Summit on Women’s Health and Cancer Therapy,2019-11-25,"Milan, Italy"
6th World Summit on Dental Health and Oral Hygiene,2019-11-25,"Milan, Italy"
15th International Conference on Endocrinology and Metabolic Disorders,2019-11-25,"Vienna, Austria"
International Summit on Diabetes,2019-11-25,"Barcelona, Spain"
"2nd Annual Conference on Diabetes, Endocrinology and Metabolism",2019-11-25,"Milan, Italy"
Annual Summit on Lifestyle Disease and Management,2019-11-25,"Amsterdam, Netherlands"
2nd World Heart and Brain Congress,2019-11-25,"London, UK"
World Conference on Clinical and Medical Case Reports,2019-11-25,"Perth, Australia"
24th European Nephrology Conference,2019-11-25,"Zurich, Switzerland"
International Forum on Orthopaedics and Traumatology,2019-11-25,"Rome, Italy"
Internatioanl Conference on Pulmonology & interdicipilinary Medicine,2019-11-25,"Perth, Australia"
4th International Conference on Neonatology and Perinatology,2019-11-25,"Milan, Italy"
5th World Dermatology and Aesthetic Congress,2019-11-25,"Capetown, South Africa"
International Conference on Dermatology,2019-11-25,"Rome, Italy"
World summit on Aesthetic Medicine and skin care,2019-11-25,"Rome, Italy"
International Congress on Dental and Oral Health	Dentistry,2019-11-25,"Rome, Italy"
World Congress on Cardiology and Cardiovascular Disorders,2019-11-25,"Rome, Italy"
35th World Cardiology Conference,2019-11-25,"Zurich, Switzerland"
3rd International Conference on Plastic & Cosmetic Surgery,2019-11-25,"Rome, Italy"
Global congress on Endocrinology and Gynecology,2019-11-25,"Sydney, Australia"
29th Euro Dentistry Congress,2019-11-25,"Munich, Germany"
International Conference on Pulmonary Disorder,2019-11-25,"Rome, Italy"
13th International Conference on Transplantation and Medical Surgery,2019-11-25,"Prague, Czech Republic"
26th International Conference on Skin Care and Cosmetology,2019-11-25,"Prague, Czech Republic"
International Conference on Lung and Respiratory Diseases,2019-11-25,"Paris, France"
"24th World Congress on Pediatrics, Neonatology and Primary Care",2019-11-25,"Helsinki, Finland"
19th Asia Pacific Ophthalmologists Annual Meeting,2019-11-25,"Singapore, Singapore"
Asia Pacific Internal & Hospital Medicine Congress,2019-11-25,"Singapore, Singapore"
Pediatric Nutrition Asia Pacific 2020,2019-11-25,"Tokyo, Japan"
World Congress on Gynecology & Obsterics,2019-11-25,"Tokyo, Japan"
2nd International Congress & Expo on Pulmonology,2019-11-25,"Manila, Philippines"
28th International Conference on Clinical & Experimental Cardiology,2019-11-25,"Amsterdam, Netherlands"
Global Summit On Heart Congress,2019-11-25,"Rome, Italy"
World Congress on Pediatric Neurology and Neurosurgery,2019-11-25,"Rome, Italy"
6th World Congress on Anesthesia and Critical Care,2019-11-25,"Paris, France"
International Conference on Gastroenterology and Hepatology,2019-11-25,"Frankfurt, Germany"
3rd International Conference on Diabetes and Cholesterol Metabolism,2019-11-25,"Helsinki, Finland"
3rd International Conference on Obesity and Diet Imbalance,2019-11-25,"Helsinki, Finland"
24th Dermatology and Aesthetic Congress,2019-11-25,"Helsinki, Finland"
World Congress on Ophthalmology and Optometry,2019-11-25,"Tokyo, Japan"
7th International Conference on Rhinology & Otology,2019-11-25,"Tokyo, Japan"
2nd World Congress and Expo on Surgery,2019-11-25,"Osaka, Japan"
Annual Conference on Inhalation Toxicology,2019-11-25,"Helsinki, Finland"
International Conference on Traditional Chinese Medicine and Acupucture,2019-11-25,"Paris, France"
3rd International Conference on Oral Health and Dental Medicine,2019-11-25,"Capetown, South Africa"
23rd World Heart Rhythm Conference,2019-11-25,"Capetown, South Africa"
"2nd International Pediatrics, Infectious Diseases and Healthcare Conference",2019-11-25,"Capetown, South Africa"
3rd International Conference on Nephrology,2019-11-25,"Dubai, UAE"
Annual Conference on Urology and Nephrological Disorders,2019-11-25,"Dubai, UAE"
2nd Head and Neck Conference: The Multidisciplinary Approach,2019-11-25,"Dubai, UAE"
World Congress on Pediatric Research,2019-11-25,"Tokyo, Japan"
43rd International Conference on Dental Research and Oral Health,2019-11-25,"Amsterdam, Netherlands"
International Conference on Advance surgical skills and anesthesia,2019-11-25,"Osaka, Japan"
3rd Asian Dermatology Congress,2019-11-25,"Osaka, Japan"
2nd World Congress on Toxicology and Applied Pharmacology,2019-11-25,"Osaka, Japan"
6th International Conference on Prosthodontics & Restorative Dentistry,2019-11-25,"Osaka, Japan"
30th World Congress on Ophthalmology and Optometry,2019-11-25,"Amsterdam, Netherlands"
International Conference on Lung Diseases,2019-11-25,"Capetown, South Africa"
Annual Congress on Dental Health and Oral Care,2019-11-25,"Vancouver, Canada"
Annual World Dentists Summit,2019-11-25,"Vancouver, Canada"
3rd Annual Conference on Hematologists,2019-11-25,"Dubai, United Arab Emirates"
6th Annual Summit on Pediatric Cardiology 2020,2019-11-25,"Vancouver, Canada"
26th Dental Research & Future Dentistry,2019-11-25,"Vancouver, Canada"
5th Annual Meeting on Pedodontics and Geriatric Dentistry,2019-11-25,"Vancouver, Canada"
Immunology and Vaccinations 2020,2019-11-25,"Vancouver, Canada"
"12th International Conference on Predictive, Preventive and Personalized Medicine & Molecular Diagnostics",2019-11-25,"Vancouver, Canada"
World Congress on Cardiac Surgery and Medical Devices,2019-11-25,"Vancouver, Canada"
28th International Congress on Cardiology and Medical interventions,2019-11-25,"Vancouver, Canada"
Asian Aesthetic and Dermatology congress,2019-11-25,"Sydney, Australia"
5th European on Congress Diabetes and Endocrinology,2019-11-25,"Paris, France"
Global Meet on Skin Care and Plastic Aesthetics,2019-11-25,"Sydney, Australia"
19th International Conference on Global Toxicology and Risk Assessment,2019-11-25,"Madrid, Spain"
International conference on Oral and Dental Medicine,2019-11-25,"Bangkok, Thailand"
9th International Conference on Nephrology and Kidney Diseases,2019-11-25,"Paris, France"
International Congress and Expo on Diabetic Care,2019-11-25,"Bangkok, Thailand"
International Conference on Urology and Andrology,2019-11-25,"Bangkok, Thailand"
15th Global Summit and Expo on Orthopedics and Rheumatology,2019-11-25,"Amsterdam, Netherlands"
14th International Congress & Expo on Endocrine & Diabetic Complications,2019-11-25,"Bangkok, Thailand"
8th World Congress on Gastro and Hepatology,2019-11-25,"Dubai, UAE"
2nd Annual Meet on Pediatrics and Healthcare,2019-11-25,"Dubai, UAE"
Global Heart Summit,2019-11-25,"Tokyo, Japan"
European Conference on Ophthalmology & Eye care,2019-11-25,"Budapest, Hungary"
16th European Congress on Clinical Pediatrics and Child Care,2019-11-25,"Budapest, Hungary"
International Conference on Diabetes and Diabetic Nurse Education and Practice,2019-11-25,"Barcelona, Spain"
World congress and Expo on Diabetes,2019-11-25,"Kyoto, Japan"
"2nd European Congress on Nephrology, Internal Medicine and Kidney Diseases",2019-11-25,"Lisbon, Portugal"
2nd Asia Pacific Diabetes and Endocrinology Congress,2019-11-25,"Brisbane, Australia"
Biosimilars and pharmaceuticals,2019-11-25,"Barcelona, Spain"
cardiovascular disease and medicine,2019-11-25,"Barcelona, Spain"
International Conference on Cardiology and Diabetes,2019-11-25,"Kyoto, Japan"
4th Annual Summit on Surgery and Transplantation,2019-11-25,"Singapore, Singapore"
Annual congress on Diabetes and Endocrinology Congress,2019-11-25,"Bangkok, Thailand"
36th World Vaccines & Immunization Congress,2019-11-25,"Bangkok, Thailand"
International Conference on Asthma and Allergy,2019-11-25,"Lisbon, Portugal"
International Structural Heart Disease Conference,2019-11-25,"Bali, Indonesia"
3rd Annual Congress on Orthodontics and Endodontics,2019-11-25,"Tokyo, Japan"
2nd International Conference on Case Reports,2019-11-25,"Berlin, Germany"
9th International Conference on Surgery,2019-11-25,"Berlin, Germany"
Global Summit on Heart Care and Diseases,2019-11-25,"London, UK"
3rd World Congress on Eye and Vision,2019-11-25,"Istanbul, Turkey"
3rd World Eye and Vision Congress,2019-11-25,"Istanbul, Turkey"
34rd European Ophthalmology Congress,2019-11-25,"Rome, Italy"
"6th World Congress on Pediatric Disease, Care & Management",2019-11-25,"Tokyo, Japan"
11th International Conference on Pulmonology & Respiratory Medicine,2019-11-25,"Tokyo, Japan"
35th International Conference on Advanced Pediatrics and Neonatology,2019-11-25,"London, UK"
Kidney Failure & Renal Care,2019-11-25,"Tokyo, Japan"
5th International Conference on Digestive and Metabolic Diseases,2019-11-25,"London, UK"
4th International Conference on Digestive and Metabolic Diseases,2019-11-25,"Dubai, UAE"
World Congress and Expo on Circulatory Health,2019-11-25,", Vietnam"
World Congress and Expo on Nephrology,2019-11-25,", Vietnam"
World Conference on Digestive and metabolic diseases,2019-11-25,"Abu Dhabi, Vietnam"
Global Summit on Rare Diseases & medicine,2019-11-25,"Dubai, UAE"
World Conference on Gastroenterology and Digestive Diseases,2019-11-25,"Hanoi, Vietnam"
International Conference on Dentistry,2019-11-25,"Dubai, UAE"
9th International Heart Conference,2019-11-25,"Rome, Italy"
2nd Euro Cardiology Congress,2019-11-25,"Barcelona, Spain"
World Medicine Congress,2019-11-25,"Rome, Italy"
4th International Congress on Dermatology and Cosmetology,2019-11-25,"Singapore, Singapore"
3rd World PCOS Congress,2019-11-25,"Istanbul, Turkey"
29th International Conference on Dental,2019-11-25,"Barcelona, Spain"
7th International Conference on Pediatric Cardiology,2019-11-25,"Barcelona, Spain"
11th Euro Global Summit on Heart,2019-11-25,"Rome, Italy"
15th Global Cardiology Summit,2019-11-25,"Rome, Italy"
9th World Conference on Clinical Research and Medical Case Reports,2019-11-25,"Rome, Italy"
Asia Pacific Veterinary Congress,2019-11-25,"Singapore, Singapore"
3rd World Pediatric Infectious Disease Congress,2019-11-25,"Singapore, Singapore"
International Conference on Liver Diseases,2019-11-25,"Singapore, Singapore"
Annual Congress on Pediatrics & Cardiac Care,2019-11-25,"Singapore, Singapore"
2nd Annual Meeting on Cosmetic Dentistry Orofacial Myology,2019-11-25,"Toronto, Canada"
25th American World Dentistry Congress,2019-11-25,"Toronto, Canada"
2nd Annual Congress on Pediatric Cardiology,2019-11-25,"Montreal, Canada"
Global Cardiovascular Research and Clinical Cardiology,2019-11-25,"Montreal, Canada"
Annual Congress on Perinatology & Child Care,2019-11-25,"Tokyo, Japan"
3rd World Heart and Brain Conference,2019-11-25,"Abu Dhabi, UAE"
2nd International Metabolic Diseases and Liver Cancer Conference,2019-11-25,"Dubai, UAE"
10th International Conference on Cosmetic Dermatology and Plastic Surgery,2019-11-25,"Tokyo, Japan"
Annual Congress on Women's Health,2019-11-25,"Tokyo, Japan"
8th Annual Congress on Pulmonary and critical care,2019-11-25,"Tokyo, Japan"
13th World Congress on Endocrinology and Metabolic Disorders,2019-11-25,"Auckland, New Zealand"
International Congress on Gastroenterology and Liver Transplant,2019-11-25,"Auckland, New Zealand"
20th Global Dermatology Congress,2019-11-25,"Paris, France"
Global Summt on Neonatology & Cllinical Pediatrics,2019-11-25,"Sydney, Australia"
"International Conference on Geriatric Cardiology, Cardiovascular Diseases and Palliative Care",2019-11-25,"Paris, France"
International Summit on neonatal care and clinical pediatrics,2019-11-25,"Sydney, Australia"
14th World Pediatric Congress,2019-11-25,"Abu Dhabi, UAE"
"6th International Conference on Otology, Rhinology and Laryngology",2019-11-25,"Dubai, UAE"
"7th International Conference on Medicinal Practices: Herbal, Holistic and Traditional",2019-11-25,"Dubai, UAE"
"International Summit on HIV, AIDS & Care",2019-11-25,"Osaka, Japan"
World Congress on Surgery and Anesthesia,2019-11-25,"Osaka, Japan"
International Conference on Cancer Treatment and Prevention,2019-11-25,"Tokyo, Japan"
New frontiers on Neurology and Neural Disorders,2019-11-25,"Tokyo, Japan"
10th International Conference on Chronic Obstructive Pulmonary Disease,2019-11-25,"Dubai, UAE"
2nd International Conference on Dental Practice,2019-11-25,"Bali, Indonesia"
